-- MySQL dump 10.13  Distrib 8.0.15, for Win64 (x86_64)
--
-- Host: 127.0.0.1    Database: health
-- ------------------------------------------------------
-- Server version	8.0.15

/*!40101 SET @OLD_CHARACTER_SET_CLIENT=@@CHARACTER_SET_CLIENT */;
/*!40101 SET @OLD_CHARACTER_SET_RESULTS=@@CHARACTER_SET_RESULTS */;
/*!40101 SET @OLD_COLLATION_CONNECTION=@@COLLATION_CONNECTION */;
 SET NAMES utf8 ;
/*!40103 SET @OLD_TIME_ZONE=@@TIME_ZONE */;
/*!40103 SET TIME_ZONE='+00:00' */;
/*!40014 SET @OLD_UNIQUE_CHECKS=@@UNIQUE_CHECKS, UNIQUE_CHECKS=0 */;
/*!40014 SET @OLD_FOREIGN_KEY_CHECKS=@@FOREIGN_KEY_CHECKS, FOREIGN_KEY_CHECKS=0 */;
/*!40101 SET @OLD_SQL_MODE=@@SQL_MODE, SQL_MODE='NO_AUTO_VALUE_ON_ZERO' */;
/*!40111 SET @OLD_SQL_NOTES=@@SQL_NOTES, SQL_NOTES=0 */;

--
-- Table structure for table `blog_img`
--

DROP TABLE IF EXISTS `blog_img`;
/*!40101 SET @saved_cs_client     = @@character_set_client */;
 SET character_set_client = utf8mb4 ;
CREATE TABLE `blog_img` (
  `id` int(11) NOT NULL AUTO_INCREMENT,
  `img` varchar(255) DEFAULT NULL,
  PRIMARY KEY (`id`)
) ENGINE=InnoDB AUTO_INCREMENT=32 DEFAULT CHARSET=utf8;
/*!40101 SET character_set_client = @saved_cs_client */;

--
-- Dumping data for table `blog_img`
--

LOCK TABLES `blog_img` WRITE;
/*!40000 ALTER TABLE `blog_img` DISABLE KEYS */;
INSERT INTO `blog_img` VALUES (1,'img/21.jpeg'),(2,'img/8.jpeg'),(3,'img/27.jpeg'),(4,'img/3.jpeg'),(5,'img/7.jpeg'),(6,'img/4.jpeg'),(7,'img/15.jpeg'),(8,'img/11.jpeg'),(9,'img/30.jpeg'),(10,'img/25.jpeg'),(11,'img/inset.py'),(12,'img/19.jpeg'),(13,'img/17.jpeg'),(14,'img/12.jpeg'),(15,'img/18.jpeg'),(16,'img/5.jpeg'),(17,'img/10.jpeg'),(18,'img/26.jpeg'),(19,'img/23.jpeg'),(20,'img/16.jpeg'),(21,'img/9.jpeg'),(22,'img/22.jpeg'),(23,'img/24.jpeg'),(24,'img/14.jpeg'),(25,'img/1.jpeg'),(26,'img/13.jpeg'),(27,'img/2.jpeg'),(28,'img/28.jpeg'),(29,'img/29.jpeg'),(30,'img/20.jpeg'),(31,'img/6.jpeg');
/*!40000 ALTER TABLE `blog_img` ENABLE KEYS */;
UNLOCK TABLES;

--
-- Table structure for table `dietstructureandenergyshiwu`
--

DROP TABLE IF EXISTS `dietstructureandenergyshiwu`;
/*!40101 SET @saved_cs_client     = @@character_set_client */;
 SET character_set_client = utf8mb4 ;
CREATE TABLE `dietstructureandenergyshiwu` (
  `id` int(10) unsigned NOT NULL AUTO_INCREMENT,
  `category` varchar(255) DEFAULT NULL,
  `years` year(4) DEFAULT NULL,
  `percent` double(255,0) DEFAULT NULL,
  `area` varchar(255) DEFAULT NULL,
  PRIMARY KEY (`id`)
) ENGINE=InnoDB AUTO_INCREMENT=13 DEFAULT CHARSET=utf8;
/*!40101 SET character_set_client = @saved_cs_client */;

--
-- Dumping data for table `dietstructureandenergyshiwu`
--

LOCK TABLES `dietstructureandenergyshiwu` WRITE;
/*!40000 ALTER TABLE `dietstructureandenergyshiwu` DISABLE KEYS */;
INSERT INTO `dietstructureandenergyshiwu` VALUES (1,'谷类',2002,48,'城市'),(2,'谷类',2002,61,'乡村'),(3,'谷类',2012,47,'城市'),(4,'谷类',2012,58,'乡村'),(5,'动物性食物类',2002,17,'城市'),(6,'动物性食物类',2002,10,'乡村'),(7,'动物性食物类',2012,17,'城市'),(8,'动物性食物类',2012,12,'乡村'),(9,'其他',2002,33,'城市'),(10,'其他',2002,27,'乡村'),(11,'其他',2012,35,'城市'),(12,'其他',2012,28,'乡村');
/*!40000 ALTER TABLE `dietstructureandenergyshiwu` ENABLE KEYS */;
UNLOCK TABLES;

--
-- Table structure for table `dietstructureandenergyyingyang`
--

DROP TABLE IF EXISTS `dietstructureandenergyyingyang`;
/*!40101 SET @saved_cs_client     = @@character_set_client */;
 SET character_set_client = utf8mb4 ;
CREATE TABLE `dietstructureandenergyyingyang` (
  `id` int(11) NOT NULL AUTO_INCREMENT,
  `category` varchar(255) DEFAULT NULL,
  `years` year(4) DEFAULT NULL,
  `percent` double(255,0) DEFAULT NULL,
  `area` varchar(255) DEFAULT NULL,
  PRIMARY KEY (`id`)
) ENGINE=InnoDB AUTO_INCREMENT=13 DEFAULT CHARSET=utf8;
/*!40101 SET character_set_client = @saved_cs_client */;

--
-- Dumping data for table `dietstructureandenergyyingyang`
--

LOCK TABLES `dietstructureandenergyyingyang` WRITE;
/*!40000 ALTER TABLE `dietstructureandenergyyingyang` DISABLE KEYS */;
INSERT INTO `dietstructureandenergyyingyang` VALUES (1,'蛋白质',2002,13,'城市'),(2,'蛋白质',2002,11,'乡村'),(3,'蛋白质',2012,12,'城市'),(4,'蛋白质',2012,11,'乡村'),(5,'脂肪',2002,35,'城市'),(6,'脂肪',2002,27,'乡村'),(7,'脂肪',2012,36,'城市'),(8,'脂肪',2012,29,'乡村'),(9,'碳水化合物',2002,51,'城市'),(10,'碳水化合物',2002,61,'乡村'),(11,'碳水化合物',2012,51,'城市'),(12,'碳水化合物',2012,59,'乡村');
/*!40000 ALTER TABLE `dietstructureandenergyyingyang` ENABLE KEYS */;
UNLOCK TABLES;

--
-- Table structure for table `dietstructureandfat`
--

DROP TABLE IF EXISTS `dietstructureandfat`;
/*!40101 SET @saved_cs_client     = @@character_set_client */;
 SET character_set_client = utf8mb4 ;
CREATE TABLE `dietstructureandfat` (
  `id` int(11) NOT NULL AUTO_INCREMENT,
  `category` varchar(255) DEFAULT NULL,
  `years` year(4) DEFAULT NULL,
  `percent` double(255,0) DEFAULT NULL,
  `area` varchar(255) DEFAULT NULL,
  PRIMARY KEY (`id`)
) ENGINE=InnoDB AUTO_INCREMENT=9 DEFAULT CHARSET=utf8;
/*!40101 SET character_set_client = @saved_cs_client */;

--
-- Dumping data for table `dietstructureandfat`
--

LOCK TABLES `dietstructureandfat` WRITE;
/*!40000 ALTER TABLE `dietstructureandfat` DISABLE KEYS */;
INSERT INTO `dietstructureandfat` VALUES (1,'动物性食物',2002,36,'城市'),(2,'动物性食物',2002,40,'乡村'),(3,'动物性食物',2012,34,'城市'),(4,'动物性食物',2012,37,'乡村'),(5,'植物性食物',2002,63,'城市'),(6,'植物性食物',2002,59,'乡村'),(7,'植物性食物',2012,65,'城市'),(8,'植物性食物',2012,62,'乡村');
/*!40000 ALTER TABLE `dietstructureandfat` ENABLE KEYS */;
UNLOCK TABLES;

--
-- Table structure for table `dietstructureandprotein`
--

DROP TABLE IF EXISTS `dietstructureandprotein`;
/*!40101 SET @saved_cs_client     = @@character_set_client */;
 SET character_set_client = utf8mb4 ;
CREATE TABLE `dietstructureandprotein` (
  `id` int(11) NOT NULL AUTO_INCREMENT,
  `category` varchar(255) DEFAULT NULL,
  `years` year(4) DEFAULT NULL,
  `percent` double(255,0) DEFAULT NULL,
  `area` varchar(255) DEFAULT NULL,
  PRIMARY KEY (`id`)
) ENGINE=InnoDB AUTO_INCREMENT=17 DEFAULT CHARSET=utf8;
/*!40101 SET character_set_client = @saved_cs_client */;

--
-- Dumping data for table `dietstructureandprotein`
--

LOCK TABLES `dietstructureandprotein` WRITE;
/*!40000 ALTER TABLE `dietstructureandprotein` DISABLE KEYS */;
INSERT INTO `dietstructureandprotein` VALUES (1,'谷类',2002,40,'城市'),(2,'谷类',2002,56,'乡村'),(3,'谷类',2012,39,'城市'),(4,'谷类',2012,54,'乡村'),(5,'豆类',2002,7,'城市'),(6,'豆类',2002,7,'乡村'),(7,'豆类',2012,6,'城市'),(8,'豆类',2012,4,'乡村'),(9,'动物性食物类',2002,35,'城市'),(10,'动物性食物类',2002,21,'乡村'),(11,'动物性食物类',2012,36,'城市'),(12,'动物性食物类',2012,25,'乡村'),(13,'其他',2002,16,'城市'),(14,'其他',2002,14,'乡村'),(15,'其他',2012,17,'城市'),(16,'其他',2012,15,'乡村');
/*!40000 ALTER TABLE `dietstructureandprotein` ENABLE KEYS */;
UNLOCK TABLES;

--
-- Table structure for table `disease_causes`
--

DROP TABLE IF EXISTS `disease_causes`;
/*!40101 SET @saved_cs_client     = @@character_set_client */;
 SET character_set_client = utf8mb4 ;
CREATE TABLE `disease_causes` (
  `id` int(11) NOT NULL AUTO_INCREMENT,
  `type` varchar(20) CHARACTER SET utf8 COLLATE utf8_bin DEFAULT NULL,
  `name` varchar(20) CHARACTER SET utf8 COLLATE utf8_bin DEFAULT NULL,
  `num` double DEFAULT NULL,
  `proportion` double DEFAULT NULL,
  `drange` int(11) DEFAULT NULL,
  PRIMARY KEY (`id`)
) ENGINE=InnoDB AUTO_INCREMENT=55 DEFAULT CHARSET=utf8 COLLATE=utf8_bin;
/*!40101 SET character_set_client = @saved_cs_client */;

--
-- Dumping data for table `disease_causes`
--

LOCK TABLES `disease_causes` WRITE;
/*!40000 ALTER TABLE `disease_causes` DISABLE KEYS */;
INSERT INTO `disease_causes` VALUES (1,'男','传染病(含呼吸道结核)',8.71,1.24,7),(2,'女','传染病(含呼吸道结核)',3.54,0.67,9),(3,'合计','传染病(含呼吸道结核)',6.16,1,9),(10,'合计','呼吸系统疾病',67.2,10.92,4),(11,'女','呼吸系统疾病',55.3,10.48,4),(12,'男','呼吸系统疾病',78.75,11.24,4),(19,'男','心脏病',144.81,20.66,2),(20,'女','心脏病',138.32,26.2,1),(21,'合计','心脏病',141.61,23,2),(22,'合计','泌尿生殖系统疾病',6.72,1.09,8),(23,'男','泌尿生殖系统疾病',7.7,1.1,9),(24,'女','泌尿生殖系统疾病',5.7,1.08,8),(25,'女','消化系统疾病',10.92,2.07,6),(26,'男','消化系统疾病',18.04,2.57,6),(27,'合计','消化系统疾病',14.53,2.36,6),(28,'女','神经系统疾病',7.67,1.45,7),(29,'男','神经系统疾病',8,1.14,8),(30,'合计','神经系统疾病',7.84,1.27,7),(34,'女','脑血管病',113.68,21.53,3),(35,'男','脑血管病',139.11,19.85,3),(36,'合计','脑血管病',126.58,20.56,3),(37,'女','血液、造血器官及免疫疾病',1.21,0.23,12),(38,'男','血液、造血器官及免疫疾病',1.39,0.2,12),(39,'合计','血液、造血器官及免疫疾病',1.3,0.21,12),(40,'女','先天畸形、变形和染色体异常',1.36,0.26,11),(41,'男','先天畸形、变形和染色体异常',1.54,0.22,11),(42,'合计','先天畸形、变形和染色体异常',1.45,0.24,11),(46,'女','恶性肿瘤',118.68,22.48,2),(47,'男','恶性肿瘤',201.53,28.76,1),(48,'合计','恶性肿瘤',160.72,26.11,1),(49,'合计','损伤和中毒外部原因',36.34,5.9,5),(50,'男','损伤和中毒外部原因',46.51,6.64,5),(51,'女','损伤和中毒外部原因',25.87,4.9,5),(52,'合计','精神障碍',2.71,0.44,10),(53,'男','精神障碍',2.6,0.37,10),(54,'女','精神障碍',2.83,0.54,10);
/*!40000 ALTER TABLE `disease_causes` ENABLE KEYS */;
UNLOCK TABLES;

--
-- Table structure for table `health_blog`
--

DROP TABLE IF EXISTS `health_blog`;
/*!40101 SET @saved_cs_client     = @@character_set_client */;
 SET character_set_client = utf8mb4 ;
CREATE TABLE `health_blog` (
  `id` int(11) NOT NULL AUTO_INCREMENT,
  `bad_num` int(11) NOT NULL,
  `content` varchar(255) DEFAULT NULL,
  `good_num` int(11) NOT NULL,
  `img_id` int(11) NOT NULL,
  `num_of_people` int(11) NOT NULL,
  `time` date DEFAULT NULL,
  `title` varchar(255) DEFAULT NULL,
  `user_id` int(11) NOT NULL,
  PRIMARY KEY (`id`)
) ENGINE=InnoDB AUTO_INCREMENT=59 DEFAULT CHARSET=utf8;
/*!40101 SET character_set_client = @saved_cs_client */;

--
-- Dumping data for table `health_blog`
--

LOCK TABLES `health_blog` WRITE;
/*!40000 ALTER TABLE `health_blog` DISABLE KEYS */;
INSERT INTO `health_blog` VALUES (1,11,'　　健康不是一切，但是没有健康就没有一切。人生不过三万天，成功失败均坦然，是非恩怨莫在意，健康快乐最值钱。善待自己，幸福无比;善待别人，快乐无比;善待生命，健康无比!',5,2,16,'2019-08-11','　　健康不是一切',3),(2,1,'　　对父母的孝心不能等，子女的教育不能等，自己的健康不能等。养性最好的医生是朋友，养颜最好的处方是笑容，养病最好的治疗是自己，养生最好的运动是步行!',1,8,2,'2019-08-11','　　对父母的孝心不能等',9),(3,1,'　　没有一个朋友比得上健康，没有一个敌人比得上病魔。与其为病痛暗自流泪，不如运动健身为生命添彩。健康之精神寓于健康之身体，请珍惜健康，然后再好好地创造并享受那绚丽多彩的人生吧!',1,8,2,'2019-08-11','　　没有一个朋友比得上健康',1),(4,0,'　　养心会使身体得到调整，运动能使精神得到休息，养生要有豁达乐观的心态，健身需要坚韧不拔的意志!锻炼身体像银行储蓄，零存整取，积久即成巨款;养生健身如攀登高山，不断攀沿，持之以恒必益寿延年!',0,19,0,'2019-08-11','　　养心会使身体得到调整',8),(5,0,'　　对任何生物体，健康是一种动态平衡。健康不在年龄，年轻人也要注重健康养生。善于养生保健的人，易逝的青春就会放慢脚步!养成好的习惯是储存健康，放纵不良陋习是透支生命，借口腾不出时间去健身的人，迟早会腾出时间去看病!拥有健康的身体，应该从一点一滴做起!不偏食、不厌食、不挑食，并且要做到每天体育锻炼，还有多喝水，多吃水果。',0,4,0,'2019-08-11','　　对任何生物体',8),(6,0,'　　人生不在于活的长与短，而在于顿悟的早与晚;生命不是用来更正别人的对与错，而是来实践自己精彩的生活!世上没有哪一个人会为自己的不健康而感到幸福，珍惜健康就是珍惜幸福!财富名利不会均等，时光对人却很公平，有人有金山银山，不一定有寿比南山，有人是粗茶布衣，也往往幸福百年!',0,19,0,'2019-08-11','　　人生不在于活的长与短',9),(7,0,'　　欢乐是长寿的妙药，勤奋是健康的灵丹，运动是健康的投资，长寿是健身的回报，相逢莫问留春术，淡泊宁静比药好!三层单抵不了一层棉，好衣帽抵不了美容颜，年轻时凭岁数美，年老时靠健康美，内在充实的生命，才是久长的生命!',0,14,0,'2019-08-11','　　欢乐是长寿的妙药',3),(8,0,'　　金钱难买健康，健康大于金钱;金钱难买幸福，幸福必有健康;生命的幸福不在名利在健康，身体的强壮不在金钱在运动!快乐总和宽厚的人相伴，财富总与诚信的人相伴，智慧总与高尚的人相伴，魅力总与幽默的人相伴，健康总与豁达的人相伴。身冷的人和衣裳亲近，有病的人和医生亲近，与其寻求灵丹妙药，不如堵截致病之源;与其得病托关系看病，不如平时找场地运动!',0,1,0,'2019-08-11','　　金钱难买健康',1),(9,0,'　　房子修的再大也是临时住所，只有那个小木匣子才是永久的家，切记：不妄求则心宽，不妄做则心安，屋宽不如心宽，身安不如心安!人生最大的哀痛是，子欲孝而亲不在;人生最大的悲哀是，家未富人先亡;人生最大的可怜是，弥留之际才明白什么是自己应该做的!人生最大的错误，是用健康换取身外之物;人生最大的悲哀，是用生命换取个人烦恼;人生最大的浪费，是用生命解决自己制造的麻烦!',0,3,0,'2019-08-11','　　房子修的再大也是临时住所',10),(10,0,'　　命运不是一个机遇问题，而是一个选择问题;不是我们要等待的东西，而是我们要实现的东西。把弯路走直的人是聪明的，因为找到了捷径;把直路走弯的人是豁达的，因为可多看几道风景。路不在脚下，路在心里。所以，如果您不给自己烦恼，别人也永远不可能给您烦恼。烦恼是来自您自己，因为您放不下。',0,9,0,'2019-08-11','　　命运不是一个机遇问题',5),(11,0,'　　不管昨天、今天、明天，能豁然开朗就是美好的一天。不管亲情、友情、爱情，能永远珍惜就是好心情。曾经拥有的不要忘记;已经得到的更加珍惜;属于自己的不要放弃;已经失去的留作回忆;想要得到的一定要努力;累了把心靠岸;选择了就不要后悔;苦了才懂得满足;痛了才享受生活;伤了才明白坚强。',0,19,0,'2019-08-11','　　不管昨天、今天、明天',1),(12,0,'　　自己的一个闪念，偶尔的得与失，都时刻在改变着我们命运的走向。世事难以预料，遇事无须太执，谁都无法带走什么，又何必纠结于某一人、某一时、某一事。只有看开了，想通了，才能随缘、随性、随心而为。不急不躁，不悲不喜，不咸不淡，随遇而安。',0,9,0,'2019-08-11','　　自己的一个闪念',1),(13,0,'　　第一个是您自己，第二个是您最爱的人，第三个是最爱您的人，第四个是共度一生的人。生活最爱开玩笑，您最爱的，往往没有选择您;最爱您的，往往又不是您最爱的;而最终跟您共度一生的，偏偏不是您最爱也不是最爱您的，只是在最适合的时间出现的那个人。',0,12,0,'2019-08-11','　　第一个是您自己',4),(14,0,'　　人生最痛苦的莫过于是徘徊在放与不放之间的那一段。许多人一生碌碌无为，就是因为舍不得放弃。真正下决心放弃了，反而，会有一种释然的感觉。输不起的人，往往就是赢不了。当您再也没有什么可以失去的时候，就是您开始得到的时候。刻意的追求，只能让人疲惫;随意的面对，才能淡然无悔。背起行囊，人在路上，路在心上，生命只有一次，精彩也好，简单也好...........',0,15,0,'2019-08-11','　　人生最痛苦的莫过于是徘徊在放与不放之间的那一段',10),(15,0,'　　人生有两种境界：一种是痛而不言，另一种是笑而不语。人一简单就快乐，一世故就变老。保持一颗年轻的心，做个简单的人，享受阳光和温暖。生活就应当如此。人生的风尘，只一次花开的时间;世间的美妙，难留下全部的悲喜。且行且去爱，且爱且珍惜。',0,1,0,'2019-08-11','　　人生有两种境界：一种是痛而不言',8),(16,0,'　　别人拥有的，您不必羡慕，只要努力，您也会拥有;自己拥有的，您不必炫耀，因为别人也在奋斗，也会拥有。多一点快乐，少一点烦恼，不论富或穷，地位高或低，知识浅或深。每天开心笑，累了就睡觉，醒了就微笑，生活就是这么简单。',0,17,0,'2019-08-11','　　别人拥有的',1),(17,0,'　　您生气，是因为自己不够大度;您郁闷，是因为自己不够豁达;您焦虑，是因为自己不够从容;您悲伤，是因为自己不够坚强;您惆怅，是因为自己不够阳光;您嫉妒，是因为自己不够优秀。烦恼的根源都在自己这里，每一次烦恼的出现，都给我们寻找自己缺点的机会。您是您人生的作者，何必把剧本写得苦不堪言?',0,3,0,'2019-08-11','　　您生气',5),(18,0,'　　如果我明天就这样走了，至少我今天活得合心意。任何人所拥有的一切，与有大美而不言的天地相比，与浩瀚无际的宇宙相比，都不如沧海一粟，实在是微不足道。从历史的长河来看，不管我们拥有什么，拥有多少、拥有多久，都只不过是拥有极其渺小的瞬间。',0,1,0,'2019-08-11','　　如果我明天就这样走了',2),(19,0,'　　不论是接纳一个人的出现，还是，接纳一个人的从此不见。人誉我谦，又增一美;自夸自败，又增一毁。无论何时何地，我们永远都应保持一颗谦卑的心!',0,14,0,'2019-08-11','　　不论是接纳一个人的出现',2),(20,0,'　　梦，是渴望的延伸;渴望，是活着的最好理由;那些延伸到梦里的渴望，是我们最真最深的向往。该梦时要梦，生命的色彩因梦而绚丽。然而，梦，不能做得太深，深了，难以清醒。若时光一定要我们面对现实时，醒来，是活着的最美姿态。',0,2,0,'2019-08-11','　　梦',4),(21,0,'　　当您真正知道生命的真谛，就会异常珍惜时间的分分秒秒，想抓住生活中每件事每个人们脸上善意的微笑，及那些有关于温暖的人儿!世事无常，人生如戏，生命的存在体现于对自己负责!这就是时间沉淀所赠与的礼物!下一秒是未知，这一秒记得念安。',0,13,0,'2019-08-11','　　当您真正知道生命的真谛',1),(22,0,'　　世界太大，生命太短。人生的旅途中有太多的岔口，一转身也许就是一辈子。所以，趁年轻，爱您想爱的人，完成您未完成的梦想吧。谁也抵不住荏苒时光，谁苍白了谁的等待，谁无悔着谁的执着。一个人怎么看待自己，决定了此人的命运，指向了他的归宿。当更好的思想注入其中，它便光明起来。不管您的生命多么卑微，您要勇敢地面对生活，不用逃避，更不要用恶语诅咒它。',0,16,0,'2019-08-11','　　世界太大',7),(23,0,'　　您要学会捂上自己的耳朵，不去听那些熙熙攘攘的声音;这个世界上没有不苦逼的人，真正能治愈自己的，只有您自己。世事岂能两全，我们的一生中，得到的同时也总在失去，幸与不幸的区别只在于得失之间孰重孰轻。',0,9,0,'2019-08-11','　　您要学会捂上自己的耳朵',5),(24,0,'　　世界上真的没有什么是永远，也许下一秒，就不再属于您的。生命终结是给所有到场的人一个机会，看看什么叫沧海桑田，看看什么叫岁月如刀，看看什么叫物是人非。世界上的事情，最忌讳的就是个十全十美，您看那天上的月亮，一旦圆满了，马上就要亏厌;树上的果子，一旦熟透了，马上就要坠落。凡事总要稍留欠缺，才能持恒。',0,1,0,'2019-08-11','　　世界上真的没有什么是永远',8),(25,0,'　　流失的是岁月，苍老的是容颜，漂泊的是脚步，成熟的是心灵;瞬间的是悸动，永远的是心境，不解释的是从容，不完美的是人生。多些经历，多些成长。很多人事，经历了，心就坚强;很多沟坎，跨过了，心就敞亮;很多烦忧，释怀了，心就轻松。学会释重，学会浅行，挥一挥衣袖，让一切云淡风轻。',0,8,0,'2019-08-11','　　流失的是岁月',7),(26,0,'　　生死一线隔，苦乐一念间。用无所谓的态度，过好随遇而安的生活。大喜大悲看清自己，大起大落看清朋友。没有一个足够宽容的心，就看不到一个春光明媚的世界。人生，没有纯粹的甜和苦，没有决然的对错;人生的幸福，不过一个“淡”字。生命只有一次，对于谁都是宝贵的。人生应该如蜡烛一样，从顶燃到底，一直都是光明的。——萧楚女',0,19,0,'2019-08-11','　　生死一线隔',7),(27,0,'　　一个人面对外面的世界，需要的是窗子;一个人面对自我时，需要的是镜子。通过窗子能看见世界的明亮，使用镜子能看见自己的污点。 其实，窗子或镜子并不重要，重要的是您的心。您的心明亮，世界就明亮;您的心如窗，就看见了世界;您的心如镜，就观照了自我。',0,6,0,'2019-08-11','　　一个人面对外面的世界',9),(28,0,'　　对人说不，生命是一切宝物中最高的东西。只要您充分利用，它便是长久的。生命的意义是在于活得充实，而不是在于活得长久。生命如流水，只有在他的急流与奔向前去的时候，才美丽，才有意义。生命是单程路，不论您怎样转变抹用，都不会走回头，您一旦明白和接受这一点。人生就简单得多了。',0,9,0,'2019-08-11','　　对人说不',3),(29,0,'　　人固有一死，或重于泰山，或轻于鸿毛。珍惜生命就要珍惜今天。过去属于死神，未来属于您自己。世界上只有一种英雄主义，那就是了解生命而且热爱生命的人。越爱人生，就越不能服膺生活者的条件。如果只为了凝视人生，要意识做什么呢?为了追求光和热，人宁愿舍去自己的生命。生命是可爱的，但寒冷的、寂寞的生，却不如轰轰烈烈的死。',0,2,0,'2019-08-11','　　人固有一死',9),(30,0,'　　人生的价值，即以其人对于当代所做的工作为尺度。生命是真实的，生命是诚挚的，坟墓并不是终点。能将自己的生命寄托在他人记忆中，生命仿佛就加长了一些;有的人死了，却还活着;有的活着，却已经死了;光荣是我们获得的新生命，其可珍可贵，实不下于天赋的生命。',0,7,0,'2019-08-11','　　人生的价值',10),(31,0,'　　生命，那是自然会给人类去雕琢的宝石。我们既到世上走了一道，就得珍惜生命的价值。在某种意义上说，生要比死更难。死，只需要一时的勇气，生，却需要一世的胆识。把每一个黎明看作是生命的开始，把每一个黄昏看作是您生命的小结。壮心未与年俱老，死去犹能作鬼雄。',0,13,0,'2019-08-11','　　生命',6),(32,0,'　　内容充实的生命就是长久的生命。我们要以行为而不是以时间来衡量生命。人生不是一支短短的蜡烛，而是一支由我们暂时拿着的火炬，我们一定要把它燃得旺盛。人的一生就是进行尝试，尝试得越多，生活就越美好。有些路看起来很近走去却很远的，缺少耐心永远走不到头。',0,3,0,'2019-08-11','　　内容充实的生命就是长久的生命',9),(33,0,'　　生命苦短，只是美德能将它传到遥远的后世。——莎士比亚;懂得生命真谛的人，可以使督促的生命延长。强者向人们揭示的是确认人生的价值，弱者向人们揭示的却是对人生的怀疑。我们最好把自己的生命看作前人生命的延续，是现在共同生命的一部分，同时也是后人生命的开端。如此延续下去，科学就会一天比一天灿烂，社会就会一天比一天更美好。',0,9,0,'2019-08-11','　　生命苦短',3),(34,0,'　　生活还很艺术，酷爱艺术而活下去的人，到了晚年就不会太凄凉。强者不是没有眼泪，只是可以含着眼泪向前跑。钟表可以回到起点，却已不是昨天。命运就像掌纹，曲曲折折却始终握在自己手中。',0,3,0,'2019-08-11','　　生活还很艺术',4),(35,0,'　　人生最大的财富是健康。人生最大的幸福是知足。人生最大的敌人是自己。人生最大的失败是自大。人生最大的愚蠢是欺骗。人生最可怜的是嫉妒。人生最大的错误是自卑。人生最大的痛苦是痴迷。人生最危险的是贪婪。人生最烦恼的是名利。人生最大的破产是绝望。人生最大的债务是人情债。人生最大的礼物是宽恕。',0,12,0,'2019-08-11','　　人生最大的财富是健康',9),(36,0,'　　经常在大自然中徜徉拍摄，它给了我很多感悟。人生就象风景，精彩往往需要耐心的等待，天时、地利、人和的完美组合，才能在成就刹那间的精彩。没有朝霞般的瑰丽，没有流云般的飘逸，但可以有水晶般的清纯与透明。',0,6,0,'2019-08-11','　　经常在大自然中徜徉拍摄',10),(37,0,'　　把思维沉浸下来，慢慢降低对事物的欲望。把自我经常归零，每天都是新的起点，没有年龄的限制，只要您对事物的欲望适当的降低，会赢得更多的求胜机会。人就这么一辈子，我们又何必要费尽心思绞尽脑汁，去占有那些原本不属于我们的东西呢?金钱、权力、名誉都不是最重要的，最重要的还是应该善待自己，就算拥有了全世界，随着死去也会烟消云散。因此，请不要再为自己平添那些无谓的烦恼了。',0,12,0,'2019-08-11','　　把思维沉浸下来',5),(38,0,'　　如果您不给自己烦恼，别人也永远不可能给您烦恼。放下是一种智慧，缺陷是一种恩惠。生命会前行在历史的脉络上，沿途拾起一枝一叶，留待回忆，世界的存在会清晰而具体;生命会走进时间的大门，让夕阳给出记忆的钥匙。那捆记忆的柴火那么静静地躺在地上，等生命去抽取沿途拾来的枝枝叶叶，在夕阳的指尖静静回忆。',0,12,0,'2019-08-11','　　如果您不给自己烦恼',8),(39,0,'　　越聪明的人，越容易有欲望，越不知应在哪个地方搁下那个心。心实在的人，总能搁在当下，可是聪明的人，老是搁不在当下，老往远处跑，烦躁而不宁。所以没有志气的固不用说，就是自以为有志气的，往往不是志气而是欲望。人生，也就是一个修炼的过程，您何必去用这一颗不平的心去看待人和事，作践了自己，辜负了岁月。',0,6,0,'2019-08-11','　　越聪明的人',1),(40,0,'　　一个人对于人的生存境界的理解是指人对生活的看法。一般的说，过去了的是经验，现在存在着的是事实，将要来到了的未来的是理想，人们总是感叹过去的幼稚，现在的痛苦，未来的渺茫，这只是很正常的一种心态。如果您对世界简单了，世界就会向您展示美好。删除繁琐的记忆，摈弃身外的烦恼，人生本来苦短，功名利禄都是附加，唯有简单方能多些快乐。',0,10,0,'2019-08-11','　　一个人对于人的生存境界的理解是指人对生活的看法',8),(41,0,'　　慢慢的懂得人的一生会经历太多的起伏，不可能总是一帆风顺，也不会永远风起云涌，没有一片天空永远晴空万里，没有一个人的心灵永远一尘不染。顺境时，多一份思索，逆境时，多一份勇气;成功时，多一份淡然，彷徨时，多一份信念。愿意吃亏的人，迟早不会吃亏。',0,14,0,'2019-08-11','　　慢慢的懂得人的一生会经历太多的起伏',9),(42,0,'　　人生，是一种经历，也是一种体验;生活是一种感受，也是一种积累。在人之上，要把人当人;在人之下，要把自己当人。人们常犯最大的错误，是对陌生人太客气，而对亲密的人太苛刻，把这个坏习惯改过来，天下太平。人的一生，岂能尽如人意，但求无愧我心。生活没有答案，生活不需要答案。生活注重的是过程，而不是结局。',0,18,0,'2019-08-11','　　人生',4),(43,0,'　　季节的流年里，时光如水而过。总有很多东西无法挽留，比如走远的时光，比如枯萎的情感;总有很多东西难以割舍，比如追逐的梦想，比如心中的深爱。无论生活中经历了些什么，都不要忘记快乐，因为快乐的人才是幸福的。',0,3,0,'2019-08-11','　　季节的流年里',9),(44,0,'　　人有三样东西是无法挽留的：生命、时间和爱，您想挽留，却渐行渐远。您有三样东西是不该回忆的：灾难、死亡和爱，您想回忆，却苦不堪言。人有三样东西是无法隐瞒的：咳嗽、贫穷和爱，您想隐瞒，却欲盖弥彰。人有三样东西是不该挥霍的：身体、金钱和爱，您想挥霍，却得不偿失。',0,14,0,'2019-08-11','　　人有三样东西是无法挽留的：生命、时间和爱',4),(45,0,'　　现实生活中有人哭，有人笑，有人沉默。生命本没有高低贵贱之分，任何时候都不要随意看轻自己。只有相信自己、喜欢自己，才会被别人欣赏。看到自己的长处，把自己安排在合适的位置上，才能经营出有声有色的人生。',0,3,0,'2019-08-11','　　现实生活中有人哭',4),(46,0,'　　人的一生，注定要经历很多。可能有开心的笑声;可能有委屈的泪水;可能有成功的自信;也可能有失败的警醒，但无论怎样，我们所经历的每一段都注定珍贵。生命的丰盈缘于我们心的无私，生活的美好缘于拥有一颗平常心。人生路不必雕琢，只要踏踏实实做事，简简单单做人就好!',0,4,0,'2019-08-11','　　人的一生',5),(47,0,'　　有时候，我们需要心情平和，想一下自己的生活中拥有的所有美好。那赋予我们的生活，不可能那么均等;评判我们的人生，不是别人的眼睛。书写我们的历史，只有靠我们自己;踩出人生的脚印，也是我们的自身。',0,17,0,'2019-08-11','　　有时候',2),(48,0,'　　有时候，得不到是一种苦;有时候得到，也是一种苦。人生在世，总有很多事难两全。无求则品自高，放下也就是一份洒脱与超然。行走在人世间，上帝要给予我们各种不同的苦难，让我们去尝受。因为人间本就是残缺，本无完美之人生。',0,1,0,'2019-08-11','　　有时候',2),(49,0,'　　只要您活着，就一定要有爱，有快乐，有梦想。有些话，不说出口，并不意味着不能去理解;有些人，不见，也并不等于两两相忘。聪明的人，总是喜欢把自己伪装起来。可是越是这样，伤的就越深。',0,20,0,'2019-08-11','　　只要您活着',6),(50,0,'　　饿时，饭是幸福，够饱即可;渴时，水是幸福，够饮即可;裸时，衣是幸福，够穿即可;穷时，钱是幸福，够用即可;累时，闲是幸福，够畅即可;困时，眠是幸福，够时即可。爱时，牵挂是幸福，离时，回忆是幸福。人生，由我不由天，幸福，由心不由境。打开幸福之门有四把钥匙：口中有德，目中有人，心中有爱，行中有善。',0,10,0,'2019-08-11','　　饿时',4),(52,0,'一个程序员，一个电脑，一坐就是一天',0,1,0,'2019-08-11','论程序员的健康',2),(56,1,'平常工作是朝九晚五，但在IT行业却流行着 朝九晚六，996 和 167 工作制：\r\n\r\n朝九晚六：早上 9 点上班，晚上 6 点下班，每周工作 5 天，这是极少数才会有的！！！\r\n\r\n996：早上 9 点上班，晚上 9 点下班，每周工作 6 天。\r\n\r\n716：每天工作 16 小时，每周工作 7 天。\r\n\r\nIT行业的程序员工作的时长远比正常人长！',0,18,1,'2019-08-13','熬夜',2),(58,0,'健康第一，代码第二',0,19,0,'2019-08-13','论程序员的健康',2);
/*!40000 ALTER TABLE `health_blog` ENABLE KEYS */;
UNLOCK TABLES;

--
-- Table structure for table `history`
--

DROP TABLE IF EXISTS `history`;
/*!40101 SET @saved_cs_client     = @@character_set_client */;
 SET character_set_client = utf8mb4 ;
CREATE TABLE `history` (
  `id` int(11) NOT NULL AUTO_INCREMENT,
  `event` varchar(255) DEFAULT NULL,
  `title` varchar(255) DEFAULT NULL,
  `time` varchar(255) DEFAULT NULL,
  `userid` varchar(255) DEFAULT NULL,
  PRIMARY KEY (`id`)
) ENGINE=InnoDB AUTO_INCREMENT=13 DEFAULT CHARSET=utf8;
/*!40101 SET character_set_client = @saved_cs_client */;

--
-- Dumping data for table `history`
--

LOCK TABLES `history` WRITE;
/*!40000 ALTER TABLE `history` DISABLE KEYS */;
INSERT INTO `history` VALUES (4,'踩踩踩','　　健康不是一切','2019-08-12 21:52:35.471','2'),(5,'点赞','　　健康不是一切','2019-08-12 21:52:45.246','2'),(6,'踩踩踩','　　健康不是一切','2019-08-12 23:28:14.611','2'),(11,'踩踩踩','　　健康不是一切','2019-08-13 21:32:23.016','2'),(12,'发表 Health Blog','论程序员的健康','2019-08-13 21:32:43.848','2');
/*!40000 ALTER TABLE `history` ENABLE KEYS */;
UNLOCK TABLES;

--
-- Table structure for table `lifeexpectancybyregion`
--

DROP TABLE IF EXISTS `lifeexpectancybyregion`;
/*!40101 SET @saved_cs_client     = @@character_set_client */;
 SET character_set_client = utf8mb4 ;
CREATE TABLE `lifeexpectancybyregion` (
  `id` int(10) unsigned NOT NULL AUTO_INCREMENT,
  `city` varchar(255) DEFAULT NULL,
  `type` varchar(255) DEFAULT NULL,
  `expectedlife` double(255,0) DEFAULT NULL,
  `year` int(255) DEFAULT NULL,
  PRIMARY KEY (`id`)
) ENGINE=InnoDB AUTO_INCREMENT=280 DEFAULT CHARSET=utf8;
/*!40101 SET character_set_client = @saved_cs_client */;

--
-- Dumping data for table `lifeexpectancybyregion`
--

LOCK TABLES `lifeexpectancybyregion` WRITE;
/*!40000 ALTER TABLE `lifeexpectancybyregion` DISABLE KEYS */;
INSERT INTO `lifeexpectancybyregion` VALUES (1,'新疆','女',75,2010),(2,'新疆','男',70,2010),(3,'新疆','合计',72,2010),(4,'新疆','女',69,2000),(5,'新疆','男',66,2000),(6,'新疆','合计',67,2000),(7,'新疆','女',63,1990),(8,'新疆','男',62,1990),(9,'新疆','合计',64,1990),(10,'宁夏','女',76,2010),(11,'宁夏','男',71,2010),(12,'宁夏','合计',73,2010),(13,'宁夏','女',72,2000),(14,'宁夏','男',69,2000),(15,'宁夏','合计',70,2000),(16,'宁夏','女',68,1990),(17,'宁夏','男',66,1990),(18,'宁夏','合计',67,1990),(19,'青海','女',72,2010),(20,'青海','男',68,2010),(21,'青海','合计',70,2010),(22,'青海','女',68,2000),(23,'青海','男',65,2000),(24,'青海','合计',66,2000),(25,'青海','女',62,1990),(26,'青海','男',59,1990),(27,'青海','合计',61,1990),(28,'甘肃','女',74,2010),(29,'甘肃','男',71,2010),(30,'甘肃','合计',72,2010),(31,'甘肃','女',68,2000),(32,'甘肃','男',67,2000),(33,'甘肃','合计',67,2000),(34,'甘肃','女',68,1990),(35,'甘肃','男',66,1990),(36,'甘肃','合计',67,1990),(37,'陕西','女',77,2010),(38,'陕西','男',73,2010),(39,'陕西','合计',75,2010),(40,'陕西','女',71,2000),(41,'陕西','男',69,2000),(42,'陕西','合计',70,2000),(43,'陕西','女',69,1990),(44,'陕西','男',66,1990),(45,'陕西','合计',67,1990),(46,'西藏','女',70,2010),(47,'西藏','男',66,2010),(48,'西藏','合计',68,2010),(49,'西藏','女',66,2000),(50,'西藏','男',63,2000),(51,'西藏','合计',64,2000),(52,'西藏','女',62,1990),(53,'西藏','男',58,1990),(54,'西藏','合计',60,1990),(55,'云南','女',72,2010),(56,'云南','男',67,2010),(57,'云南','合计',70,2010),(58,'云南','女',67,2000),(59,'云南','男',64,2000),(60,'云南','合计',65,2000),(61,'云南','女',65,1990),(62,'云南','男',62,1990),(63,'云南','合计',63,1990),(64,'贵州','女',74,2010),(65,'贵州','男',68,2010),(66,'贵州','合计',71,2010),(67,'贵州','女',68,2000),(68,'贵州','男',65,2000),(69,'贵州','合计',66,2000),(70,'贵州','女',66,1990),(71,'贵州','男',63,1990),(72,'贵州','合计',64,1990),(73,'四川','女',78,2010),(74,'四川','男',72,2010),(75,'四川','合计',75,2010),(76,'四川','女',73,2000),(77,'四川','男',69,2000),(78,'四川','合计',71,2000),(79,'四川','女',68,1990),(80,'四川','男',65,1990),(81,'四川','合计',66,1990),(82,'重庆','女',79,2010),(83,'重庆','男',73,2010),(84,'重庆','合计',76,2010),(85,'重庆','女',74,2000),(86,'重庆','男',70,2000),(87,'重庆','合计',72,2000),(88,'重庆','女',68,1990),(89,'重庆','男',65,1990),(90,'重庆','合计',66,1990),(91,'海南','女',80,2010),(92,'海南','男',73,2010),(93,'海南','合计',76,2010),(94,'海南','女',75,2000),(95,'海南','男',71,2000),(96,'海南','合计',73,2000),(97,'海南','女',73,1990),(98,'海南','男',67,1990),(99,'海南','合计',70,1990),(100,'广西','女',79,2010),(101,'广西','男',72,2010),(102,'广西','合计',75,2010),(103,'广西','女',74,2000),(104,'广西','男',69,2000),(105,'广西','合计',71,2000),(106,'广西','女',70,1990),(107,'广西','男',67,1990),(108,'广西','合计',69,1990),(109,'广东','女',79,2010),(110,'广东','男',74,2010),(111,'广东','合计',76,2010),(112,'广东','女',76,2000),(113,'广东','男',71,2000),(114,'广东','合计',73,2000),(115,'广东','女',75,1990),(116,'广东','男',70,1990),(117,'广东','合计',73,1990),(118,'湖南','女',77,2010),(119,'湖南','男',72,2010),(120,'湖南','合计',75,2010),(121,'湖南','女',72,2000),(122,'湖南','男',69,2000),(123,'湖南','合计',71,2000),(124,'湖南','女',69,1990),(125,'湖南','男',65,1990),(126,'湖南','合计',67,1990),(127,'湖北','女',77,2010),(128,'湖北','男',73,2010),(129,'湖北','合计',75,2010),(130,'湖北','女',73,2000),(131,'湖北','男',69,2000),(132,'湖北','合计',71,2000),(133,'湖北','女',69,1990),(134,'湖北','男',66,1990),(135,'湖北','合计',67,1990),(136,'河南','女',78,2010),(137,'河南','男',72,2010),(138,'河南','合计',75,2010),(139,'河南','女',73,2000),(140,'河南','男',70,2000),(141,'河南','合计',72,2000),(142,'河南','女',73,1990),(143,'河南','男',68,1990),(144,'河南','合计',70,1990),(145,'山东','女',79,2010),(146,'山东','男',74,2010),(147,'山东','合计',76,2010),(148,'山东','女',76,2000),(149,'山东','男',72,2000),(150,'山东','合计',74,2000),(151,'山东','女',73,1990),(152,'山东','男',69,1990),(153,'山东','合计',71,1990),(154,'江西','女',77,2010),(155,'江西','男',72,2010),(156,'江西','合计',74,2010),(157,'江西','女',69,2000),(158,'江西','男',68,2000),(159,'江西','合计',69,2000),(160,'江西','女',67,1990),(161,'江西','男',65,1990),(162,'江西','合计',66,1990),(163,'福建','女',79,2010),(164,'福建','男',73,2010),(165,'福建','合计',76,2010),(166,'福建','女',75,2000),(167,'福建','男',70,2000),(168,'福建','合计',73,2000),(169,'福建','女',71,1990),(170,'福建','男',66,1990),(171,'福建','合计',69,1990),(172,'安徽','女',78,2010),(173,'安徽','男',73,2010),(174,'安徽','合计',75,2010),(175,'安徽','女',74,2000),(176,'安徽','男',70,2000),(177,'安徽','合计',72,2000),(178,'安徽','女',71,1990),(179,'安徽','男',68,1990),(180,'安徽','合计',69,1990),(181,'浙江','女',80,2010),(182,'浙江','男',76,2010),(183,'浙江','合计',78,2010),(184,'浙江','女',77,2000),(185,'浙江','男',72,2000),(186,'浙江','合计',75,2000),(187,'浙江','女',74,1990),(188,'浙江','男',70,1990),(189,'浙江','合计',71,1990),(190,'江苏','女',79,2010),(191,'江苏','男',75,2010),(192,'江苏','合计',77,2010),(193,'江苏','女',76,2000),(194,'江苏','男',72,2000),(195,'江苏','合计',74,2000),(196,'江苏','女',74,1990),(197,'江苏','男',69,1990),(198,'江苏','合计',71,1990),(199,'上海','女',82,2010),(200,'上海','男',78,2010),(201,'上海','合计',80,2010),(202,'上海','女',80,2000),(203,'上海','男',76,2000),(204,'上海','合计',78,2000),(205,'上海','女',77,1990),(206,'上海','男',73,1990),(207,'上海','合计',75,1990),(208,'黑龙江','女',79,2010),(209,'黑龙江','男',74,2010),(210,'黑龙江','合计',76,2010),(211,'黑龙江','女',75,2000),(212,'黑龙江','男',70,2000),(213,'黑龙江','合计',72,2000),(214,'黑龙江','女',69,1990),(215,'黑龙江','男',65,1990),(216,'黑龙江','合计',67,1990),(217,'吉林','女',78,2010),(218,'吉林','男',74,2010),(219,'吉林','合计',76,2010),(220,'吉林','女',75,2000),(221,'吉林','男',71,2000),(222,'吉林','合计',73,2000),(223,'吉林','女',69,1990),(224,'吉林','男',67,1990),(225,'吉林','合计',68,1990),(226,'辽宁','女',79,2010),(227,'辽宁','男',74,2010),(228,'辽宁','合计',76,2010),(229,'辽宁','女',75,2000),(230,'辽宁','男',72,2000),(231,'辽宁','合计',73,2000),(232,'辽宁','女',72,1990),(233,'辽宁','男',69,1990),(234,'辽宁','合计',70,1990),(235,'内蒙古','女',77,2010),(236,'内蒙古','男',72,2010),(237,'内蒙古','合计',74,2010),(238,'内蒙古','女',72,2000),(239,'内蒙古','男',68,2000),(240,'内蒙古','合计',70,2000),(241,'内蒙古','女',67,1990),(242,'内蒙古','男',64,1990),(243,'内蒙古','合计',66,1990),(244,'山西','女',77,2010),(245,'山西','男',73,2010),(246,'山西','合计',75,2010),(247,'山西','女',74,2000),(248,'山西','男',70,2000),(249,'山西','合计',72,2000),(250,'山西','女',71,1990),(251,'山西','男',67,1990),(252,'山西','合计',69,1990),(253,'河北','女',77,2010),(254,'河北','男',73,2010),(255,'河北','合计',75,2010),(256,'河北','女',75,2000),(257,'河北','男',71,2000),(258,'河北','合计',73,2000),(259,'河北','女',73,1990),(260,'河北','男',68,1990),(261,'河北','合计',70,1990),(262,'天津','女',80,2010),(263,'天津','男',77,2010),(264,'天津','合计',79,2010),(265,'天津','女',77,2000),(266,'天津','男',73,2000),(267,'天津','合计',75,2000),(268,'天津','女',74,1990),(269,'天津','男',71,1990),(270,'天津','合计',72,1990),(271,'北京','女',82,2010),(272,'北京','男',78,2010),(273,'北京','合计',80,2010),(274,'北京','女',78,2000),(275,'北京','男',74,2000),(276,'北京','合计',76,2000),(277,'北京','女',75,1990),(278,'北京','男',71,1990),(279,'北京','合计',73,1990);
/*!40000 ALTER TABLE `lifeexpectancybyregion` ENABLE KEYS */;
UNLOCK TABLES;

--
-- Table structure for table `medical_expenditure`
--

DROP TABLE IF EXISTS `medical_expenditure`;
/*!40101 SET @saved_cs_client     = @@character_set_client */;
 SET character_set_client = utf8mb4 ;
CREATE TABLE `medical_expenditure` (
  `id` int(11) NOT NULL AUTO_INCREMENT,
  `type` varchar(255) CHARACTER SET utf8 COLLATE utf8_bin DEFAULT NULL,
  `subtype` varchar(255) CHARACTER SET utf8 COLLATE utf8_bin DEFAULT NULL,
  `location` varchar(255) CHARACTER SET utf8 COLLATE utf8_bin DEFAULT NULL,
  `totalcost` double DEFAULT NULL,
  `medicalcost` double DEFAULT NULL,
  `proportion` double DEFAULT NULL,
  PRIMARY KEY (`id`)
) ENGINE=InnoDB AUTO_INCREMENT=83 DEFAULT CHARSET=utf8 COLLATE=utf8_bin;
/*!40101 SET character_set_client = @saved_cs_client */;

--
-- Dumping data for table `medical_expenditure`
--

LOCK TABLES `medical_expenditure` WRITE;
/*!40000 ALTER TABLE `medical_expenditure` DISABLE KEYS */;
INSERT INTO `medical_expenditure` VALUES (1,'年份','2000','城市',4998,318.1,6.4),(2,'年份','2000','农村',1670.1,87.6,5.2),(3,'年份','2011','农村',5221.1,436.8,8.4),(4,'年份','2011','城市',15160.9,969,6.4),(5,'年份','2013','农村',7485.1,668.2,8.9),(6,'年份','2013','城市',18487.5,1136.1,6.1),(7,'年份','2015','农村',9222.6,846,9.2),(8,'年份','2015','城市',21392.4,1443.4,6.7),(9,'年份','2017','农村',10954.5,1058.7,9.7),(10,'年份','2017','城市',24445,1777.4,7.3),(11,'地区','上海','城市',39856.8,2839.9,7.1),(12,'地区','上海','农村',17070.8,1707.1,10),(13,'地区','云南','农村',7330.5,620.1,8.5),(14,'地区','云南','城市',18622.4,1526.7,8.2),(15,'地区','北京','农村',17329,1347,7.8),(16,'地区','北京','城市',38255.5,2629.8,6.9),(17,'地区','四川','城市',20659.8,1423.4,6.9),(18,'地区','四川','农村',10191.6,972.5,9.5),(19,'地区','宁夏','城市',20364.2,1874,9.2),(20,'地区','宁夏','农村',9138.4,1040.6,11.4),(21,'地区','安徽','农村',10287.3,931.9,9.1),(22,'地区','安徽','城市',19606.2,1269.3,6.5),(23,'地区','江苏','农村',14428.2,1148,8),(24,'地区','江苏','城市',26432.9,1624.5,6.1),(25,'地区','江西','城市',17695.6,887.4,5),(26,'地区','江西','农村',9128.3,650,7.1),(27,'地区','河南','农村',8586.6,797.8,9.3),(28,'地区','河南','城市',18087.8,1524.5,8.4),(29,'地区','浙江','城市',30067.7,1691.9,5.6),(30,'地区','浙江','农村',17358.9,1173.2,6.8),(31,'地区','湖南','农村',10629.9,986.5,9.3),(32,'地区','湖南','城市',21420,1362.6,6.4),(33,'地区','甘肃','农村',7487,821.3,11),(34,'地区','甘肃','城市',19539.2,1583.4,8.1),(35,'地区','福建','农村',12910.8,866.9,6.7),(36,'地区','福建','城市',25005.5,1178.5,4.7),(37,'地区','西藏','农村',6070.3,152.6,2.5),(38,'地区','西藏','城市',19440.5,585.3,3),(39,'地区','重庆','城市',21030.9,1700,8.1),(40,'地区','重庆','农村',9954.4,852.3,8.6),(41,'地区','青海','城市',20853.2,1750.4,8.4),(42,'地区','青海','农村',9222.2,1278.8,13.9),(43,'年份','2005','城市',7942.9,600.9,7.6),(44,'年份','2005','农村',2555.4,168.1,6.6),(45,'年份','2010','城市',13471.5,871.8,6.5),(46,'年份','2010','农村',4381.8,326,7.4),(47,'年份','2012','城市',16674.3,1063.7,6.4),(48,'年份','2012','农村',5908,513.8,8.7),(49,'年份','2014','城市',19968.1,1305.6,6.5),(50,'年份','2014','农村',8382.6,753.9,9),(51,'年份','2016','城市',23078.9,1630.8,7.1),(52,'年份','2016','农村',10129.8,929.2,9.2),(53,'地区','内蒙古','城市',22744.5,1840.2,8.1),(54,'地区','内蒙古','农村',11462.6,1187.7,10.4),(55,'地区','吉林','农村',9521.4,1230.5,12.9),(56,'地区','吉林','城市',19166.4,2059.2,10.7),(57,'地区','天津','农村',15912.1,1334.5,8.4),(58,'地区','天津','城市',28344.6,2172.2,7.7),(59,'地区','山东','城市',21495.3,1610,7.5),(60,'地区','山东','农村',9518.9,1027.3,10.8),(61,'地区','山西','城市',16992.8,1651.6,9.7),(62,'地区','山西','农村',8028.8,769.6,9.6),(63,'地区','广东','农村',12414.8,803.9,6.5),(64,'地区','广东','城市',28613.3,1304.5,4.6),(65,'地区','广西','农村',8351.2,781.8,9.4),(66,'地区','广西','城市',17268.5,1065.9,6.2),(67,'地区','新疆','农村',8277,846.8,10.2),(68,'地区','新疆','城市',21228.5,1934.8,9.1),(69,'地区','河北','城市',19105.9,1549.9,8.1),(70,'地区','河北','农村',9798.3,928.2,9.5),(71,'地区','海南','农村',8921.2,593,6.6),(72,'地区','海南','城市',19015.5,1399.8,7.4),(73,'地区','湖北','城市',20040,1792,8.9),(74,'地区','湖北','农村',10938.3,1213.5,11.1),(75,'地区','贵州','城市',19201.7,1050.1,5.5),(76,'地区','贵州','农村',7533.3,527.8,7),(77,'地区','辽宁','城市',24995.9,2313.6,9.3),(78,'地区','辽宁','农村',9953.1,1139.2,11.4),(79,'地区','陕西','城市',19368.9,2016.7,10.4),(80,'地区','陕西','农村',8567.7,1044.1,12.2),(81,'地区','黑龙江','城市',18145.2,2007.5,11.1),(82,'地区','黑龙江','农村',9423.8,1269.9,13.5);
/*!40000 ALTER TABLE `medical_expenditure` ENABLE KEYS */;
UNLOCK TABLES;

--
-- Table structure for table `medicalbedsofarea`
--

DROP TABLE IF EXISTS `medicalbedsofarea`;
/*!40101 SET @saved_cs_client     = @@character_set_client */;
 SET character_set_client = utf8mb4 ;
CREATE TABLE `medicalbedsofarea` (
  `id` int(10) unsigned NOT NULL AUTO_INCREMENT,
  `area` varchar(255) CHARACTER SET utf8 COLLATE utf8_bin DEFAULT NULL,
  `sum` varchar(255) CHARACTER SET utf8 COLLATE utf8_bin DEFAULT NULL,
  `city` varchar(255) CHARACTER SET utf8 COLLATE utf8_bin DEFAULT NULL,
  `countryside` varchar(255) CHARACTER SET utf8 COLLATE utf8_bin DEFAULT NULL,
  PRIMARY KEY (`id`)
) ENGINE=InnoDB AUTO_INCREMENT=32 DEFAULT CHARSET=utf8 COLLATE=utf8_bin;
/*!40101 SET character_set_client = @saved_cs_client */;

--
-- Dumping data for table `medicalbedsofarea`
--

LOCK TABLES `medicalbedsofarea` WRITE;
/*!40000 ALTER TABLE `medicalbedsofarea` DISABLE KEYS */;
INSERT INTO `medicalbedsofarea` VALUES (1,'上海','134607','131441','3166'),(2,'云南','274809','76247','198562'),(3,'内蒙古','150325','74434','75891'),(4,'北京','120645','120645','0'),(5,'吉林','153657','80739','72918'),(6,'四川','563475','238257','325218'),(7,'天津','68409','64392','4017'),(8,'宁夏','39820','25397','14423'),(9,'安徽','305746','141520','164226'),(10,'山东','584812','271691','313121'),(11,'山西','197525','95832','101693'),(12,'广东','492064','338351','153713'),(13,'广西','241140','103218','137922'),(14,'新疆','167577','38140','129437'),(15,'江苏','469182','260684','208498'),(16,'江西','234047','90446','143601'),(17,'河北','395036','161031','234005'),(18,'河南','558998','221395','337603'),(19,'浙江','313520','176299','137221'),(20,'海南','41954','21550','20404'),(21,'湖北','376185','176818','199367'),(22,'湖南','452335','163260','289075'),(23,'甘肃','146613','65046','81567'),(24,'福建','182375','85276','97099'),(25,'西藏','16103','7914','8189'),(26,'贵州','232990','73177','159813'),(27,'辽宁','298609','201416','97193'),(28,'重庆','206376','120757','85619'),(29,'陕西','241265','126252','115013'),(30,'青海','38321','17220','21101'),(31,'黑龙江','241732','153179','88553');
/*!40000 ALTER TABLE `medicalbedsofarea` ENABLE KEYS */;
UNLOCK TABLES;

--
-- Table structure for table `medicalbedsofyear`
--

DROP TABLE IF EXISTS `medicalbedsofyear`;
/*!40101 SET @saved_cs_client     = @@character_set_client */;
 SET character_set_client = utf8mb4 ;
CREATE TABLE `medicalbedsofyear` (
  `id` int(10) unsigned NOT NULL AUTO_INCREMENT,
  `year` varchar(255) CHARACTER SET utf8 COLLATE utf8_bin DEFAULT NULL,
  `sum` varchar(255) CHARACTER SET utf8 COLLATE utf8_bin DEFAULT NULL,
  `city` varchar(255) CHARACTER SET utf8 COLLATE utf8_bin DEFAULT NULL,
  `countryside` varchar(255) CHARACTER SET utf8 COLLATE utf8_bin DEFAULT NULL,
  PRIMARY KEY (`id`)
) ENGINE=InnoDB AUTO_INCREMENT=8 DEFAULT CHARSET=utf8 COLLATE=utf8_bin;
/*!40101 SET character_set_client = @saved_cs_client */;

--
-- Dumping data for table `medicalbedsofyear`
--

LOCK TABLES `medicalbedsofyear` WRITE;
/*!40000 ALTER TABLE `medicalbedsofyear` DISABLE KEYS */;
INSERT INTO `medicalbedsofyear` VALUES (1,'2010','4786831','2302297','2484534'),(2,'2012','5724775','2733403','2991372'),(3,'2013','6181891','2948465','3233426'),(4,'2014','6601214','3169880','3431334'),(5,'2015','7015214','3418194','3597020'),(6,'2016','7410453','3654956','3755497'),(7,'2017','7940252','3922024','4018228');
/*!40000 ALTER TABLE `medicalbedsofyear` ENABLE KEYS */;
UNLOCK TABLES;

--
-- Table structure for table `medicalinstitutions`
--

DROP TABLE IF EXISTS `medicalinstitutions`;
/*!40101 SET @saved_cs_client     = @@character_set_client */;
 SET character_set_client = utf8mb4 ;
CREATE TABLE `medicalinstitutions` (
  `id` int(11) NOT NULL AUTO_INCREMENT,
  `year` year(4) DEFAULT NULL,
  `comprehensive` varchar(255) DEFAULT NULL,
  `chinesemedicine` varchar(255) DEFAULT NULL,
  `specialist` varchar(255) DEFAULT NULL,
  `primary` varchar(255) DEFAULT NULL,
  `community` varchar(255) DEFAULT NULL,
  `township` varchar(255) DEFAULT NULL,
  `village` varchar(255) DEFAULT NULL,
  `outpatient` varchar(255) DEFAULT NULL,
  `profession` varchar(255) DEFAULT NULL,
  `diseaseprevention` varchar(255) DEFAULT NULL,
  `specialiststation` varchar(255) DEFAULT NULL,
  `womenandchild` varchar(255) DEFAULT NULL,
  `healthauthority` varchar(255) DEFAULT NULL,
  `outpaient` varchar(255) DEFAULT NULL,
  `speclialist` varchar(255) DEFAULT NULL,
  `viliage` varchar(255) DEFAULT NULL,
  PRIMARY KEY (`id`)
) ENGINE=InnoDB AUTO_INCREMENT=17 DEFAULT CHARSET=utf8;
/*!40101 SET character_set_client = @saved_cs_client */;

--
-- Dumping data for table `medicalinstitutions`
--

LOCK TABLES `medicalinstitutions` WRITE;
/*!40000 ALTER TABLE `medicalinstitutions` DISABLE KEYS */;
INSERT INTO `medicalinstitutions` VALUES (1,2002,'1005004','17844','12716','2492','2237','973098','8211','44992','698966','219907','10787','3580','1839',NULL,NULL,NULL),(2,2003,'806243','17764','12599','2518','2271','774693','10101','44279','514920','204468','10792','3584','1749',NULL,NULL,NULL),(3,2004,'849140','18393','12900','2611','2492','817018','14153','41626','551600','208794','10878','3588','1583',NULL,NULL,NULL),(4,2005,'882206','18703','12982','2620','2682','849488','17128','40907','583209','207457','11177','3585','1502',NULL,NULL,NULL),(5,2006,'918097','19246','13120','2665','3022','884818','22656','39975','609128','212243','11269','3548','1402',NULL,NULL,NULL),(6,2007,'912263','19852','13372','2720','3282','878686','27069','39876','613855','197083','11528','3585','1365',NULL,NULL,NULL),(7,2008,'891480','19712','13119','2688','3437','858015','24260','39080','613143','180752','11485','3534','1310',NULL,NULL,NULL),(8,2009,'916571','20291','13364','2728','3716','882153','27308','38475','632770','182448','11665','3536','1291',NULL,NULL,NULL),(9,2010,'936927','20918','13681','2778','3956','901709','32739','37836','648424','181781','11835','3513','1274',NULL,NULL,NULL),(10,2011,'954389','21979','14328','2831','4283','918003','32860','37295','662894','184287','11926','3484','1294',NULL,NULL,NULL),(11,2012,'950297','23170','15021','2889','4665','912620','33562','37097','653419','187932','12083','3490','1289',NULL,NULL,NULL),(12,2013,'974398','24709','15887','3015','5127','915368','33965','37015','648619','195176','31155','3516','1271',NULL,NULL,NULL),(13,2014,'981432','25860','16524','3115','5478','917335','34238','36902','645470','200130','35029','3490','1242',NULL,NULL,NULL),(14,2015,'983528','27587','17430','3267','6023','920770','34321','36817','640536','208572','31927','3478','1234',NULL,NULL,NULL),(15,2016,'983394','29140','18020','3462','6642','926518','34327','36795','638763','216187','24866','3481','1213',NULL,NULL,NULL),(16,2017,'986649','31056','18921','3695','7220','933024','34652','36551','632057','229221','19896','3456','1200',NULL,NULL,NULL);
/*!40000 ALTER TABLE `medicalinstitutions` ENABLE KEYS */;
UNLOCK TABLES;

--
-- Table structure for table `message`
--

DROP TABLE IF EXISTS `message`;
/*!40101 SET @saved_cs_client     = @@character_set_client */;
 SET character_set_client = utf8mb4 ;
CREATE TABLE `message` (
  `id` int(11) NOT NULL AUTO_INCREMENT,
  `content` varchar(255) COLLATE utf8_bin DEFAULT NULL,
  `email` varchar(255) COLLATE utf8_bin DEFAULT NULL,
  `name` varchar(255) COLLATE utf8_bin DEFAULT NULL,
  `phone` varchar(255) COLLATE utf8_bin DEFAULT NULL,
  `userid` int(11) NOT NULL,
  PRIMARY KEY (`id`)
) ENGINE=InnoDB AUTO_INCREMENT=11 DEFAULT CHARSET=utf8 COLLATE=utf8_bin;
/*!40101 SET character_set_client = @saved_cs_client */;

--
-- Dumping data for table `message`
--

LOCK TABLES `message` WRITE;
/*!40000 ALTER TABLE `message` DISABLE KEYS */;
INSERT INTO `message` VALUES (2,'好好好','505932690@qq.com','一个过客','13622020972',2),(5,'1','505932690@qq.com','sxj','13622020972',0),(6,'good','505932690@qq.com','sxj','13622020972',2),(7,'nice','505932690@qq.com','sxj','13622020972',2),(8,'very good\r\n','505932690@qq.com','sxj','13622020972',2),(9,'very very nice','505932690@qq.com','sxj','13622020972',2),(10,'very very nice','505932690@qq.com','sxj','13622020972',2);
/*!40000 ALTER TABLE `message` ENABLE KEYS */;
UNLOCK TABLES;

--
-- Table structure for table `nutrient_intake`
--

DROP TABLE IF EXISTS `nutrient_intake`;
/*!40101 SET @saved_cs_client     = @@character_set_client */;
 SET character_set_client = utf8mb4 ;
CREATE TABLE `nutrient_intake` (
  `id` int(11) NOT NULL AUTO_INCREMENT,
  `year` varchar(255) CHARACTER SET utf8 COLLATE utf8_bin DEFAULT NULL,
  `type` varchar(255) CHARACTER SET utf8 COLLATE utf8_bin DEFAULT NULL,
  `name` varchar(255) CHARACTER SET utf8 COLLATE utf8_bin DEFAULT NULL,
  `value` double DEFAULT NULL,
  PRIMARY KEY (`id`)
) ENGINE=InnoDB AUTO_INCREMENT=136 DEFAULT CHARSET=utf8 COLLATE=utf8_bin;
/*!40101 SET character_set_client = @saved_cs_client */;

--
-- Dumping data for table `nutrient_intake`
--

LOCK TABLES `nutrient_intake` WRITE;
/*!40000 ALTER TABLE `nutrient_intake` DISABLE KEYS */;
INSERT INTO `nutrient_intake` VALUES (1,'2012','农村','硒(毫克)',42.2),(2,'1992','合计','硒(毫克)',0),(3,'2002','合计','硒(毫克)',39.9),(4,'2012','合计','硒(毫克)',44.6),(5,'1992','城市','硒(毫克)',0),(6,'2002','城市','硒(毫克)',46.5),(7,'2012','城市','硒(毫克)',47),(8,'1992','农村','硒(毫克)',0),(9,'2002','农村','硒(毫克)',37.4),(10,'2012','农村','维生素E(毫克)',34.3),(11,'2002','合计','维生素E(毫克)',35.6),(12,'2012','合计','维生素E(毫克)',35.9),(13,'1992','城市','维生素E(毫克)',0),(14,'2002','城市','维生素E(毫克)',37.3),(15,'2012','城市','维生素E(毫克)',37.5),(16,'1992','农村','维生素E(毫克)',0),(17,'2002','农村','维生素E(毫克)',35),(18,'1992','合计','维生素E(毫克)',0),(19,'1992','合计','脂肪(克)',58.3),(20,'2002','农村','脂肪(克)',72.7),(21,'1992','农村','脂肪(克)',48.3),(22,'2012','城市','脂肪(克)',83.8),(23,'2002','城市','脂肪(克)',85.5),(24,'1992','城市','脂肪(克)',77.7),(25,'2012','合计','脂肪(克)',79.9),(26,'2002','合计','脂肪(克)',76.2),(27,'2012','农村','脂肪(克)',76.2),(28,'2002','城市','视黄醇当量(微克)',547.2),(29,'2012','农村','视黄醇当量(微克)',375.4),(30,'2002','农村','视黄醇当量(微克)',439.1),(31,'1992','农村','视黄醇当量(微克)',409),(32,'2012','城市','视黄醇当量(微克)',514.5),(33,'1992','城市','视黄醇当量(微克)',605.5),(34,'2012','合计','视黄醇当量(微克)',443.5),(35,'2002','合计','视黄醇当量(微克)',469.2),(36,'1992','合计','视黄醇当量(微克)',476),(37,'2012','农村','钙(毫克)',321.4),(38,'2002','农村','钙(毫克)',369.6),(39,'1992','农村','钙(毫克)',378.2),(40,'2012','城市','钙(毫克)',412.4),(41,'2002','农村','核黄素(毫克)',0.7),(42,'2002','城市','钙(毫克)',438.6),(43,'1992','城市','钙(毫克)',457.9),(44,'2012','合计','钙(毫克)',366.1),(45,'2002','合计','钙(毫克)',388.8),(46,'1992','合计','钙(毫克)',405.4),(47,'2012','农村','核黄素(毫克)',0.7),(48,'1992','合计','核黄素(毫克)',0.8),(49,'2002','合计','核黄素(毫克)',0.8),(50,'2012','合计','核黄素(毫克)',0.8),(51,'1992','城市','核黄素(毫克)',0.9),(52,'2002','城市','核黄素(毫克)',0.9),(53,'2012','城市','核黄素(毫克)',0.8),(54,'1992','农村','核黄素(毫克)',0.7),(55,'2012','农村','硫胺素(毫克)',1),(56,'1992','合计','硫胺素(毫克)',1.2),(57,'2002','合计','硫胺素(毫克)',1),(58,'2012','合计','硫胺素(毫克)',0.9),(59,'1992','城市','硫胺素(毫克)',1.1),(60,'2002','城市','硫胺素(毫克)',1),(61,'2012','城市','硫胺素(毫克)',0.9),(62,'1992','农村','硫胺素(毫克)',1.2),(63,'2002','农村','硫胺素(毫克)',1),(64,'2012','农村','碳水化合物(克)',338.8),(65,'1992','合计','碳水化合物(克)',378.4),(66,'2002','合计','碳水化合物(克)',321.2),(67,'2012','合计','碳水化合物(克)',300.8),(68,'1992','城市','碳水化合物(克)',340.5),(69,'2002','城市','碳水化合物(克)',268.3),(70,'2012','城市','碳水化合物(克)',261.1),(71,'1992','农村','碳水化合物(克)',397.9),(72,'2002','农村','碳水化合物(克)',341.6),(73,'1992','合计','能量(卡)',2328.3),(74,'2012','农村','能量(卡)',2286.4),(75,'2002','农村','能量(卡)',2295.5),(76,'1992','农村','能量(卡)',2294),(77,'2012','城市','能量(卡)',2052.6),(78,'2002','城市','能量(卡)',2134),(79,'1992','城市','能量(卡)',2394.6),(80,'2012','合计','能量(卡)',2172.1),(81,'2002','合计','能量(卡)',2250.5),(82,'2002','合计','膳食纤维(克)',12),(83,'1992','合计','膳食纤维(克)',13.3),(84,'2002','农村','膳食纤维(克)',12.4),(85,'1992','农村','膳食纤维(克)',14.1),(86,'2012','城市','膳食纤维(克)',10.8),(87,'2002','城市','膳食纤维(克)',11.1),(88,'1992','城市','膳食纤维(克)',11.6),(89,'2012','合计','膳食纤维(克)',10.8),(90,'2012','农村','膳食纤维(克)',10.9),(91,'2002','合计','蛋白质(克)',65.9),(92,'1992','合计','蛋白质(克)',68),(93,'2002','农村','蛋白质(克)',64.6),(94,'1992','农村','蛋白质(克)',64.3),(95,'2012','城市','蛋白质(克)',65.4),(96,'2012','农村','蛋白质(克)',63.6),(97,'2002','城市','蛋白质(克)',69),(98,'1992','城市','蛋白质(克)',75.1),(99,'2012','合计','蛋白质(克)',64.5),(100,'1992','合计','钠(毫克)',0),(101,'2002','农村','钠(毫克)',6368.8),(102,'2002','合计','钠(毫克)',6268.2),(103,'2012','合计','钠(毫克)',5702.7),(104,'1992','城市','钠(毫克)',0),(105,'2012','农村','钠(毫克)',5554.6),(106,'2002','城市','钠(毫克)',6007.7),(107,'2012','城市','钠(毫克)',5858.8),(108,'1992','农村','钠(毫克)',0),(109,'1992','合计','钾(毫克)',0),(110,'2012','农村','钾(毫克)',1574.3),(111,'2002','农村','钾(毫克)',1691.5),(112,'1992','农村','钾(毫克)',0),(113,'2012','城市','钾(毫克)',1660.7),(114,'2002','城市','钾(毫克)',1722.4),(115,'1992','城市','钾(毫克)',0),(116,'2012','合计','钾(毫克)',1616.9),(117,'2002','合计','钾(毫克)',1700.1),(118,'2012','农村','铁(毫克)',21.2),(119,'1992','合计','铁(毫克)',23.4),(120,'2002','合计','铁(毫克)',23.2),(121,'2012','合计','铁(毫克)',21.5),(122,'1992','城市','铁(毫克)',25.5),(123,'2002','城市','铁(毫克)',23.7),(124,'2012','城市','铁(毫克)',21.9),(125,'1992','农村','铁(毫克)',22.4),(126,'2002','农村','铁(毫克)',23.1),(127,'1992','城市','锌(毫克)',0),(128,'1992','合计','锌(毫克)',0),(129,'2002','合计','锌(毫克)',11.3),(130,'2012','合计','锌(毫克)',10.7),(131,'2002','城市','锌(毫克)',11.5),(132,'2012','城市','锌(毫克)',10.6),(133,'1992','农村','锌(毫克)',0),(134,'2002','农村','锌(毫克)',11.2),(135,'2012','农村','锌(毫克)',10.8);
/*!40000 ALTER TABLE `nutrient_intake` ENABLE KEYS */;
UNLOCK TABLES;

--
-- Table structure for table `patient_num`
--

DROP TABLE IF EXISTS `patient_num`;
/*!40101 SET @saved_cs_client     = @@character_set_client */;
 SET character_set_client = utf8mb4 ;
CREATE TABLE `patient_num` (
  `id` int(11) NOT NULL AUTO_INCREMENT,
  `type` varchar(45) CHARACTER SET utf8 COLLATE utf8_bin DEFAULT NULL,
  `year` varchar(45) CHARACTER SET utf8 COLLATE utf8_bin DEFAULT NULL,
  `num` double DEFAULT NULL,
  PRIMARY KEY (`id`)
) ENGINE=InnoDB AUTO_INCREMENT=37 DEFAULT CHARSET=utf8 COLLATE=utf8_bin;
/*!40101 SET character_set_client = @saved_cs_client */;

--
-- Dumping data for table `patient_num`
--

LOCK TABLES `patient_num` WRITE;
/*!40000 ALTER TABLE `patient_num` DISABLE KEYS */;
INSERT INTO `patient_num` VALUES (1,'医院','2010',583761.6),(2,'医院','2013',731401),(3,'医院','2014',760186.6),(4,'医院','2015',769342.5),(5,'医院','2016',793170),(6,'医院','2017',818311),(7,'基层医疗卫生机构','2010',361155.6),(8,'基层医疗卫生机构','2013',432431),(9,'基层医疗卫生机构','2014',436394.9),(10,'基层医疗卫生机构','2015',434192.7),(11,'基层医疗卫生机构','2016',436663.3),(12,'基层医疗卫生机构','2017',442891.6),(13,'专业公共卫生机构','2010',18244.7),(14,'专业公共卫生机构','2013',24206.5),(15,'专业公共卫生机构','2014',26046.1),(16,'专业公共卫生机构','2015',26391.6),(17,'专业公共卫生机构','2016',29300.1),(18,'专业公共卫生机构','2017',31239.6),(19,'其他医疗卫生机构','2010',397.9),(20,'其他医疗卫生机构','2013',585.7),(21,'其他医疗卫生机构','2014',538.6),(22,'其他医疗卫生机构','2015',394.2),(23,'其他医疗卫生机构','2016',250.7),(24,'其他医疗卫生机构','2017',287.7),(25,'总计','2010',963559.7999999999),(26,'总计','2013',1188624.2),(27,'总计','2014',1223166.2000000002),(28,'总计','2015',1230321),(29,'总计','2016',1259384.1),(30,'总计','2017',1292729.9000000001),(31,'平均','2010',4.4),(32,'平均','2013',5.4),(33,'平均','2014',5.6),(34,'平均','2015',5.6),(35,'平均','2016',5.7),(36,'平均','2017',5.9);
/*!40000 ALTER TABLE `patient_num` ENABLE KEYS */;
UNLOCK TABLES;

--
-- Table structure for table `populationratio`
--

DROP TABLE IF EXISTS `populationratio`;
/*!40101 SET @saved_cs_client     = @@character_set_client */;
 SET character_set_client = utf8mb4 ;
CREATE TABLE `populationratio` (
  `id` int(10) unsigned NOT NULL AUTO_INCREMENT,
  `year` varchar(255) DEFAULT NULL,
  `birthrate` float DEFAULT NULL,
  `mortalityrate` float DEFAULT NULL,
  `naturalgrowthrate` float DEFAULT NULL,
  PRIMARY KEY (`id`)
) ENGINE=InnoDB AUTO_INCREMENT=23 DEFAULT CHARSET=utf8;
/*!40101 SET character_set_client = @saved_cs_client */;

--
-- Dumping data for table `populationratio`
--

LOCK TABLES `populationratio` WRITE;
/*!40000 ALTER TABLE `populationratio` DISABLE KEYS */;
INSERT INTO `populationratio` VALUES (1,'1997',16.57,6.51,10.06),(2,'1998',15.64,6.5,9.14),(3,'1999',14.64,6.46,7.58),(4,'2000',14.03,6.45,7.58),(5,'2001',13.38,6.43,6.95),(6,'2002',12.86,6.41,6.45),(7,'2003',12.41,6.4,6.01),(8,'2004',12.29,6.42,5.87),(9,'2005',12.4,6.51,5.89),(10,'2006',12.09,6.81,5.28),(11,'2007',12.1,6.93,5.17),(12,'2008',12.14,7.06,5.08),(13,'2009',11.95,7.08,4.87),(14,'2010',11.9,7.11,4.79),(15,'2011',11.93,7.14,4.79),(16,'2012',12.1,7.15,4.95),(17,'2013',12.08,7.16,4.92),(18,'2014',12.37,7.16,5.21),(19,'2015',12.07,7.11,4.96),(20,'2016',12.95,7.09,5.86),(21,'2017',12.43,7.11,5.32);
/*!40000 ALTER TABLE `populationratio` ENABLE KEYS */;
UNLOCK TABLES;

--
-- Table structure for table `user_health`
--

DROP TABLE IF EXISTS `user_health`;
/*!40101 SET @saved_cs_client     = @@character_set_client */;
 SET character_set_client = utf8mb4 ;
CREATE TABLE `user_health` (
  `id` int(11) NOT NULL AUTO_INCREMENT,
  `age` int(11) NOT NULL,
  `gender` varchar(255) DEFAULT NULL,
  `heart_rate` double DEFAULT NULL,
  `height` double DEFAULT NULL,
  `vision` double DEFAULT NULL,
  `waist` double DEFAULT NULL,
  `weight` double DEFAULT NULL,
  `time` varchar(255) DEFAULT NULL,
  `userid` int(11) DEFAULT NULL,
  PRIMARY KEY (`id`)
) ENGINE=InnoDB AUTO_INCREMENT=26 DEFAULT CHARSET=utf8;
/*!40101 SET character_set_client = @saved_cs_client */;

--
-- Dumping data for table `user_health`
--

LOCK TABLES `user_health` WRITE;
/*!40000 ALTER TABLE `user_health` DISABLE KEYS */;
INSERT INTO `user_health` VALUES (1,18,'女',80,175,5,50,70,'2019',2),(2,19,'女',75,170,4.5,45,55,'2019',2),(3,19,'女',77,165,5.2,50,66,'2019',2),(4,33,'男',80,180,5,55,80,'2019',3),(7,40,'男',80,175,4.5,50,60,'2019-08-12 18:14:24',2),(8,50,'男',80,181.5,5,50,74.8,'',4),(9,60,'男',NULL,184,NULL,NULL,86.4,NULL,4),(10,21,'男',NULL,176,NULL,NULL,74.6,NULL,4),(11,23,'女',NULL,161.2,NULL,NULL,51.6,NULL,4),(12,34,'女',NULL,167.5,NULL,NULL,59,NULL,4),(13,45,'女',NULL,166,NULL,NULL,69.8,NULL,4),(14,22,'女',NULL,177,NULL,NULL,56,NULL,4),(15,23,'女',NULL,150,NULL,NULL,57,NULL,4),(16,47,'男',NULL,180,NULL,NULL,90,NULL,4),(17,32,'男',NULL,165,NULL,NULL,77,NULL,4),(18,25,'男',NULL,182,NULL,NULL,67.2,NULL,4),(19,22,'女',NULL,167.6,NULL,NULL,58.3,NULL,4),(20,65,'男',NULL,177.8,NULL,NULL,65.9,NULL,4),(21,36,'女',NULL,162.5,NULL,NULL,58.2,NULL,4),(22,43,'女',NULL,171.8,NULL,NULL,56.2,NULL,4),(23,16,'女',NULL,160,NULL,NULL,59.8,NULL,4),(24,25,'女',NULL,168.9,NULL,NULL,62.3,NULL,4),(25,31,'男',NULL,174,NULL,NULL,65.6,NULL,4);
/*!40000 ALTER TABLE `user_health` ENABLE KEYS */;
UNLOCK TABLES;

--
-- Table structure for table `users`
--

DROP TABLE IF EXISTS `users`;
/*!40101 SET @saved_cs_client     = @@character_set_client */;
 SET character_set_client = utf8mb4 ;
CREATE TABLE `users` (
  `id` int(11) NOT NULL AUTO_INCREMENT,
  `birthday` varchar(255) CHARACTER SET utf8 COLLATE utf8_bin DEFAULT NULL,
  `email` varchar(255) CHARACTER SET utf8 COLLATE utf8_bin DEFAULT NULL,
  `gender` varchar(255) CHARACTER SET utf8 COLLATE utf8_bin DEFAULT NULL,
  `name` varchar(255) CHARACTER SET utf8 COLLATE utf8_bin DEFAULT NULL,
  `password` varchar(255) CHARACTER SET utf8 COLLATE utf8_bin DEFAULT NULL,
  `headimage` varchar(255) CHARACTER SET utf8 COLLATE utf8_bin DEFAULT NULL,
  `authority` varchar(255) COLLATE utf8_bin DEFAULT NULL,
  `phone` varchar(255) COLLATE utf8_bin DEFAULT NULL,
  PRIMARY KEY (`id`)
) ENGINE=InnoDB AUTO_INCREMENT=13 DEFAULT CHARSET=utf8 COLLATE=utf8_bin;
/*!40101 SET character_set_client = @saved_cs_client */;

--
-- Dumping data for table `users`
--

LOCK TABLES `users` WRITE;
/*!40000 ALTER TABLE `users` DISABLE KEYS */;
INSERT INTO `users` VALUES (1,'2019-09-09','813947820@qq.com','Female','ctj','E10ADC3949BA59ABBE56E057F20F883E','headImage/girl.jpeg','1','13622020972'),(2,'2019-09-09','505932690@qq.com','Female','sxj','E10ADC3949BA59ABBE56E057F20F883E','headImage/girl.jpeg','1','13622020972'),(3,'2019-09-09','505932690@qq.com','Secret','zhangsan','01D7F40760960E7BD9443513F22AB9AF','headImage/secret.png','-1','13622020972'),(4,'2001-02-17','505932690@qq.com','Male','wangwu','9F001E4166CF26BFBDD3B4F67D9EF617','headImage/boy.jpg','0','13622020972'),(5,'2001-02-17','505932690@qq.com','Secret','zhaoliu','27311020EFC4CE2806FECA0AAB933FBD','headImage/secret.png','0','13622020972'),(6,'2001-02-17','505932690@qq.com','Male','shuaishuai','207310E95C402AD189362CB5BBC5FA45','headImage/boy.jpg','0','13622020972'),(7,'2001-02-17','1035847702@qq.com','Male','liangliang','E10ADC3949BA59ABBE56E057F20F883E','headImage/boy.jpg','1','13622020972'),(8,'2019-08-30','13516173041@163.com','Female','zyr','E10ADC3949BA59ABBE56E057F20F883E','headImage/girl.jpeg','1','13622020972'),(9,'2019-08-09','505932690@qq.com','Secret','fangfang','7CAD0B44C11C8E5459E1BF59E4D8D7EA','headImage/secret.png','1','13622020972'),(10,'2019-08-01','505932690@qq.com','Male','kangkang','7D2880B02BCB42AFB21284189023C78C','headImage/boy.jpg','0','13622020972'),(12,'2019-08-15','505932690@qq.com','Female','sxjsxj','E10ADC3949BA59ABBE56E057F20F883E','headImage/girl.jpeg','0','13622020972');
/*!40000 ALTER TABLE `users` ENABLE KEYS */;
UNLOCK TABLES;

--
-- Table structure for table `young_developments`
--

DROP TABLE IF EXISTS `young_developments`;
/*!40101 SET @saved_cs_client     = @@character_set_client */;
 SET character_set_client = utf8mb4 ;
CREATE TABLE `young_developments` (
  `id` int(11) NOT NULL AUTO_INCREMENT,
  `age` int(11) DEFAULT NULL,
  `area` varchar(255) DEFAULT NULL,
  `avg_height` float DEFAULT NULL,
  `avg_weight` float DEFAULT NULL,
  `gender` varchar(255) DEFAULT NULL,
  `year` varchar(255) DEFAULT NULL,
  PRIMARY KEY (`id`)
) ENGINE=InnoDB AUTO_INCREMENT=105 DEFAULT CHARSET=utf8;
/*!40101 SET character_set_client = @saved_cs_client */;

--
-- Dumping data for table `young_developments`
--

LOCK TABLES `young_developments` WRITE;
/*!40000 ALTER TABLE `young_developments` DISABLE KEYS */;
INSERT INTO `young_developments` VALUES (1,7,'乡村',119.6,21.7,'男','2002'),(2,7,'乡村',123.9,24.9,'男','2012'),(3,7,'乡村',118.2,20.6,'女','2002'),(4,7,'乡村',122.6,23.7,'女','2012'),(5,8,'乡村',124.6,23.9,'男','2002'),(6,8,'乡村',128.7,27.4,'男','2012'),(7,8,'乡村',123.8,22.9,'女','2002'),(8,8,'乡村',128,26.6,'女','2012'),(9,9,'乡村',129.1,26.1,'男','2002'),(10,9,'乡村',133.3,30.8,'男','2012'),(11,9,'乡村',128.8,25.4,'女','2002'),(12,9,'乡村',133.1,29,'女','2012'),(13,10,'乡村',134.2,28.6,'男','2002'),(14,10,'乡村',138.4,34,'男','2012'),(15,10,'乡村',134.3,28.2,'女','2002'),(16,10,'乡村',139.2,33.1,'女','2012'),(17,11,'乡村',139.2,31.9,'男','2002'),(18,11,'乡村',144,37.8,'男','2012'),(19,11,'乡村',140,31.8,'女','2002'),(20,11,'乡村',144.4,36.3,'女','2012'),(21,12,'乡村',144.5,35.4,'男','2002'),(22,12,'乡村',149.6,41.8,'男','2012'),(23,12,'乡村',145.4,35.8,'女','2002'),(24,12,'乡村',149.8,41,'女','2012'),(25,13,'乡村',149.9,39.3,'男','2002'),(26,13,'乡村',155.9,46.3,'男','2012'),(27,13,'乡村',150.1,40.5,'女','2002'),(28,13,'乡村',153.5,44.8,'女','2012'),(29,14,'乡村',157.2,45.1,'男','2002'),(30,14,'乡村',161.3,50.7,'男','2012'),(31,14,'乡村',153.2,44.1,'女','2002'),(32,14,'乡村',156,47.7,'女','2012'),(33,15,'乡村',161.4,48.6,'男','2002'),(34,15,'乡村',165.2,54,'男','2012'),(35,15,'乡村',154.8,46.7,'女','2002'),(36,15,'乡村',156.9,50,'女','2012'),(37,16,'乡村',165.2,53,'男','2002'),(38,16,'乡村',166.8,56.3,'男','2012'),(39,16,'乡村',156,49.2,'女','2002'),(40,16,'乡村',157.5,50.8,'女','2012'),(41,17,'乡村',166.3,54.9,'男','2002'),(42,17,'乡村',168.3,58,'男','2012'),(43,17,'乡村',157,51.2,'女','2002'),(44,17,'乡村',158.1,51.6,'女','2012'),(45,18,'乡村',167.2,56.8,'男','2002'),(46,18,'乡村',167.9,59,'男','2012'),(47,18,'乡村',157.5,51.7,'女','2002'),(48,18,'乡村',157.2,52.6,'女','2012'),(49,19,'乡村',168.3,58.8,'男','2002'),(50,19,'乡村',167.2,61.8,'男','2012'),(51,19,'乡村',157,52.3,'女','2002'),(52,19,'乡村',156.9,52.6,'女','2012'),(53,7,'城市',124,24.8,'男','2002'),(54,7,'城市',126,26.2,'男','2012'),(55,7,'城市',122.6,23.2,'女','2002'),(56,7,'城市',124.4,24.5,'女','2012'),(57,8,'城市',129,27.2,'男','2002'),(58,8,'城市',131.4,29.7,'男','2012'),(59,8,'城市',128.3,26,'女','2002'),(60,8,'城市',130.5,28,'女','2012'),(61,9,'城市',134.4,30.4,'男','2002'),(62,9,'城市',136.1,33.1,'男','2012'),(63,9,'城市',133.5,28.6,'女','2002'),(64,9,'城市',136,31.4,'女','2012'),(65,10,'城市',139.6,33.8,'男','2002'),(66,10,'城市',141.7,37.3,'男','2012'),(67,10,'城市',139.9,32.8,'女','2002'),(68,10,'城市',141.4,34.5,'女','2012'),(69,11,'城市',144.9,37.4,'男','2002'),(70,11,'城市',147.5,41.8,'男','2012'),(71,11,'城市',145.8,36.7,'女','2002'),(72,11,'城市',148.5,40.1,'女','2012'),(73,12,'城市',149.5,40.5,'男','2002'),(74,12,'城市',153.3,45.2,'男','2012'),(75,12,'城市',150.5,40.5,'女','2002'),(76,12,'城市',152.8,43.9,'女','2012'),(77,13,'城市',156.6,44.9,'男','2002'),(78,13,'城市',160,50.6,'男','2012'),(79,13,'城市',154.5,44.5,'女','2002'),(80,13,'城市',156.6,47.5,'女','2012'),(81,14,'城市',162,49.4,'男','2002'),(82,14,'城市',165.6,56.2,'男','2012'),(83,14,'城市',157.2,47.2,'女','2002'),(84,14,'城市',158.6,50.5,'女','2012'),(85,15,'城市',167.6,55.2,'男','2002'),(86,15,'城市',167.7,57.7,'男','2012'),(87,15,'城市',158.3,50.8,'女','2002'),(88,15,'城市',158.8,51.5,'女','2012'),(89,16,'城市',168.4,57.2,'男','2002'),(90,16,'城市',170.1,60.4,'男','2012'),(91,16,'城市',158.8,52.2,'女','2002'),(92,16,'城市',159.6,52.9,'女','2012'),(93,17,'城市',170.2,58.7,'男','2002'),(94,17,'城市',171,61.7,'男','2012'),(95,17,'城市',158.6,51.9,'女','2002'),(96,17,'城市',159.3,52.7,'女','2012'),(97,18,'城市',170.8,60.9,'男','2002'),(98,18,'城市',169.5,63.6,'男','2012'),(99,18,'城市',158.8,51.9,'女','2002'),(100,18,'城市',159.9,54.9,'女','2012'),(101,19,'城市',170.4,61.2,'男','2002'),(102,19,'城市',171.3,65.3,'男','2012'),(103,19,'城市',159.6,51.8,'女','2002'),(104,19,'城市',161.8,55.8,'女','2012');
/*!40000 ALTER TABLE `young_developments` ENABLE KEYS */;
UNLOCK TABLES;
/*!40103 SET TIME_ZONE=@OLD_TIME_ZONE */;

/*!40101 SET SQL_MODE=@OLD_SQL_MODE */;
/*!40014 SET FOREIGN_KEY_CHECKS=@OLD_FOREIGN_KEY_CHECKS */;
/*!40014 SET UNIQUE_CHECKS=@OLD_UNIQUE_CHECKS */;
/*!40101 SET CHARACTER_SET_CLIENT=@OLD_CHARACTER_SET_CLIENT */;
/*!40101 SET CHARACTER_SET_RESULTS=@OLD_CHARACTER_SET_RESULTS */;
/*!40101 SET COLLATION_CONNECTION=@OLD_COLLATION_CONNECTION */;
/*!40111 SET SQL_NOTES=@OLD_SQL_NOTES */;

-- Dump completed on 2019-08-14 11:48:44
